Cluster ID	X	Y	Z	Peak Stat	Cluster Size (mm3)
1	-8.0	-34.0	-66.0	9.72268194615584	344
2	2.0	-56.0	-64.0	6.424928780856534	112
