Cluster ID	X	Y	Z	Peak Stat	Cluster Size (mm3)
1	-8.0	-36.0	-70.0	9.30541777746139	744
1a	4.0	-32.0	-68.0	7.8063690718655305	
