Cluster ID	X	Y	Z	Peak Stat	Cluster Size (mm3)
1	10.0	-40.0	-72.0	5.372306127234703	176
2	-6.0	-40.0	-72.0	5.130431536617688	176
