Cluster ID	X	Y	Z	Peak Stat	Cluster Size (mm3)
1	6.0	-36.0	-70.0	6.902256517331311	352
1a	-6.0	-36.0	-70.0	4.659397089354399	
