Cluster ID	X	Y	Z	Peak Stat	Cluster Size (mm3)
1	-6.0	-34.0	-66.0	8.795618675510491	288
2	2.0	-56.0	-64.0	6.061594510303829	80
