Cluster ID	X	Y	Z	Peak Stat	Cluster Size (mm3)
1	-4.0	-38.0	-72.0	4.838669501792132	112
2	6.0	-92.0	-14.0	4.5469620736871486	160
