Cluster ID	X	Y	Z	Peak Stat	Cluster Size (mm3)
1	14.0	-42.0	-72.0	5.7875279216076265	160
1a	4.0	-38.0	-72.0	5.109202224586016	
