Cluster ID	X	Y	Z	Peak Stat	Cluster Size (mm3)
1	14.0	-42.0	-72.0	8.264346806147174	272
1a	4.0	-38.0	-72.0	7.290759531026491	
