Cluster ID	X	Y	Z	Peak Stat	Cluster Size (mm3)
1	8.0	-30.0	-64.0	6.353933311355258	224
1a	-8.0	-32.0	-64.0	5.784214941318195	
