Cluster ID	X	Y	Z	Peak Stat	Cluster Size (mm3)
1	14.0	-74.0	-58.0	17.920508719175817	96
2	-4.0	-6.0	-36.0	4.45968416981527	144
