Cluster ID	X	Y	Z	Peak Stat	Cluster Size (mm3)
1	-4.0	-38.0	-72.0	7.700322121713601	144
2	10.0	-52.0	-72.0	5.4974948961791545	120
