Cluster ID	X	Y	Z	Peak Stat	Cluster Size (mm3)
1	6.0	-34.0	-70.0	13.625499875203488	584
2	-10.0	-40.0	-68.0	4.994631593990302	96
