Cluster ID	X	Y	Z	Peak Stat	Cluster Size (mm3)
1	6.0	-34.0	-70.0	16.262624798648652	768
2	-10.0	-40.0	-68.0	5.9721525648293685	112
