Cluster ID	X	Y	Z	Peak Stat	Cluster Size (mm3)
1	8.0	-64.0	-70.0	8.05433355502116	320
2	-8.0	-64.0	-70.0	5.9631711533809755	144
