Cluster ID	X	Y	Z	Peak Stat	Cluster Size (mm3)
1	8.0	-38.0	-72.0	5.168644441035388	200
2	-4.0	-38.0	-72.0	4.748761057455159	104
