Cluster ID	X	Y	Z	Peak Stat	Cluster Size (mm3)
1	8.0	-38.0	-72.0	7.130439120337592	608
1a	-4.0	-38.0	-72.0	6.543371193209591	
