Cluster ID	X	Y	Z	Peak Stat	Cluster Size (mm3)
1	-10.0	-38.0	-68.0	10.597828190818085	336
1a	6.0	-36.0	-68.0	4.9858356405511834	
