Cluster ID	X	Y	Z	Peak Stat	Cluster Size (mm3)
1	10.0	-38.0	-72.0	9.247970588054539	240
2	-6.0	-34.0	-68.0	4.894438080884791	192
