Cluster ID	X	Y	Z	Peak Stat	Cluster Size (mm3)
1	40.0	62.0	-10.0	7.592257986290287	576
1a	32.0	66.0	-14.0	4.106642876975531	
