Cluster ID	X	Y	Z	Peak Stat	Cluster Size (mm3)
1	8.0	-30.0	-64.0	6.409112617769141	232
1a	-8.0	-32.0	-64.0	5.814723260089569	
