Cluster ID	X	Y	Z	Peak Stat	Cluster Size (mm3)
1	8.0	-38.0	-72.0	6.781562854230311	592
1a	-6.0	-40.0	-72.0	6.259250273428646	
