Cluster ID	X	Y	Z	Peak Stat	Cluster Size (mm3)
1	8.0	-38.0	-72.0	5.439139167488943	240
2	-4.0	-38.0	-72.0	5.026024552650277	120
