Cluster ID	X	Y	Z	Peak Stat	Cluster Size (mm3)
1	4.0	-54.0	-72.0	6.23405912022294	184
2	8.0	-38.0	-72.0	5.952656512733863	136
