Cluster ID	X	Y	Z	Peak Stat	Cluster Size (mm3)
1	6.0	-36.0	-72.0	9.002405534191654	744
1a	-4.0	-34.0	-72.0	8.078758561208463	
