Cluster ID	X	Y	Z	Peak Stat	Cluster Size (mm3)
1	-10.0	-38.0	-68.0	10.577126087149853	336
1a	6.0	-36.0	-68.0	4.9800976832515325	
