Cluster ID	X	Y	Z	Peak Stat	Cluster Size (mm3)
1	6.0	-34.0	-70.0	15.972807396930042	768
2	-10.0	-40.0	-68.0	5.85407418390703	104
