Cluster ID	X	Y	Z	Peak Stat	Cluster Size (mm3)
1	6.0	-94.0	-20.0	5.860081084469363	120
2	-8.0	-34.0	-68.0	4.2255501095734775	104
