Cluster ID	X	Y	Z	Peak Stat	Cluster Size (mm3)
1	8.0	-36.0	-72.0	6.652078949454919	448
1a	-4.0	-34.0	-72.0	5.449183774290175	
