Cluster ID	X	Y	Z	Peak Stat	Cluster Size (mm3)
1	-4.0	-40.0	-72.0	7.067621126196669	696
1a	8.0	-40.0	-72.0	6.17068130019773	
