Cluster ID	X	Y	Z	Peak Stat	Cluster Size (mm3)
1	12.0	-36.0	-70.0	3.9780853449013778	152
1a	2.0	-34.0	-70.0	3.5845472495145594	
