Cluster ID	X	Y	Z	Peak Stat	Cluster Size (mm3)
1	-6.0	-38.0	-72.0	9.930165673336042	616
2	-8.0	74.0	4.0	5.376666228315808	136
