Cluster ID	X	Y	Z	Peak Stat	Cluster Size (mm3)
1	6.0	-36.0	-70.0	5.511156934155362	448
1a	-6.0	-34.0	-70.0	4.703112493434301	
