Cluster ID	X	Y	Z	Peak Stat	Cluster Size (mm3)
1	12.0	-42.0	-72.0	8.141725392037502	688
1a	0.0	-30.0	-68.0	4.771275166519843	
