Cluster ID	X	Y	Z	Peak Stat	Cluster Size (mm3)
1	6.0	-36.0	-72.0	6.773504452508519	448
1a	-4.0	-34.0	-72.0	6.0827232407336185	
