Cluster ID	X	Y	Z	Peak Stat	Cluster Size (mm3)
1	6.0	-36.0	-72.0	5.5706134534180975	312
1a	-4.0	-34.0	-72.0	5.018533631424876	
